Patterns,Support
elvis,21
every,21
loved,21
classic,21
them,21
lyrics,21
days,20
well,20
wonderful,20
made,20
favorite,20
thanks,20
ve,20
age,19
young,19
go,19
see,19
back,18
greatest,18
makes,18
feel,17
true,17
anyone,17
fantastic,17
another,17
before,17
over,17
because,17
singers,16
came,16
again,16
country,16
forever,16
sound,16
little,16
wow,16
even,16
say,16
where,16
live,15
us,15
anymore,15
should,15
after,15
without,15
new,14
into,14
name,14
pop,14
feeling,14
same,14
original,14
era,14
play,13
played,13
nothing,13
right,13
seen,13
something,13
look,13
our,13
may,13
being,13
youtube,13
sounds,12
brilliant,12
girl,12
around,12
tears,12
single,12
wrong,12
tune,12
few,12
nowadays,12
lovely,12
times,12
sure,12
romantic,12
guy,12
generation,11
hit,11
which,11
enjoy,11
yes,11
long,11
put,11
someone,11
away,11
work,11
band,11
does,11
find,11
called,11
lol,11
words,11
didn,11
voices,11
eyes,11
thought,11
kind,11
re,11
dance,11
lot,11
pretty,11
gonna,11
rock,10
says,10
other,10
emotion,10
tell,10
movie,10
believe,10
thing,10
ago,10
friend,10
lady,10
sings,10
down,10
want,10
understand,10
favorites,9
special,9
soul,9
mind,9
60,9
60s,9
family,9
ones,9
things,9
others,9
pure,9
please,9
though,9
wonder,9
person,9
sung,9
year,9
handsome,9
perfect,9
born,9
ll,9
happy,9
almost,9
end,9
jim,8
hope,8
king,8
future,8
radio,8
used,8
late,8
meaning,8
part,8
absolutely,8
especially,8
posting,8
home,8
through,8
let,8
give,8
lost,8
going,8
woman,8
brothers,8
peace,8
rest,8
bad,8
listened,8
once,8
looking,8
bless,8
hits,8
mean,8
change,8
sang,8
2019,8
guys,8
full,8
golden,7
loving,7
top,7
least,7
maybe,7
off,7
appreciate,7
early,7
oh,7
background,7
probably,7
must,7
told,7
miss,7
cry,7
lived,7
hard,7
left,7
grew,7
until,7
masterpiece,7
talent,7
laura,7
history,7
artist,7
written,7
unique,7
else,7
heaven,7
yet,7
roy,7
50,7
passed,7
uk,7
everyone,7
comment,7
also,7
sun,7
walker,7
reeves,6
close,6
goes,6
guess,6
next,6
roll,6
baby,6
different,6
brought,6
gone,6
parents,6
mom,6
started,6
story,6
done,6
playing,6
classics,6
sharing,6
care,6
keep,6
awesome,6
given,6
said,6
gold,6
daughter,6
happened,6
crap,6
last,6
take,6
looks,6
performance,6
use,6
agree,6
artists,6
start,6
truly,6
english,6
glad,6
screen,6
matter,6
stars,6
course,6
melody,6
dancing,6
dream,6
wake,6
hey,6
vocals,6
sweet,6
80,6
billy,6
timeless,6
couple,6
need,6
brenda,6
funny,6
shine,6
tears eyes,6
rock roll,6
jim reeves,6
leave,5
number,5
father,5
remember,5
100,5
mr,5
die,5
mother,5
three,5
knew,5
dear,5
friends,5
stop,5
white,5
magnificent,5
credit,5
found,5
cause,5
16,5
show,5
attention,5
bass,5
forget,5
legend,5
vocal,5
17,5
black,5
natural,5
group,5
past,5
tunes,5
create,5
certainly,5
gorgeous,5
face,5
earth,5
soon,5
thinking,5
low,5
angel,5
died,5
making,5
vocalist,5
together,5
bit,5
big,5
rip,5
door,5
totally,5
two,5
actually,5
anything,5
hearing,5
behind,5
anybody,5
touching,5
star,5
break,5
comes,5
beauty,5
learn,5
modern,5
record,5
class,5
far,5
likes,5
running,5
women,5
everytime,5
clear,5
karen,5
track,5
elvis forever,5
thanks posting,5
age golden,5
anyone does,5
brothers walker,5
sun shine,5
although,4
1st,4
later,4
place,4
along,4
blues,4
generations,4
word,4
boy,4
whose,4
takes,4
four,4
childhood,4
beatles,4
doubt,4
magic,4
short,4
talking,4
beat,4
powerful,4
saw,4
met,4
able,4
loss,4
alone,4
underrated,4
wrote,4
popular,4
shame,4
comments,4
idea,4
read,4
memories,4
appreciated,4
often,4
14,4
sorrow,4
sort,4
half,4
concert,4
james,4
however,4
incredible,4
john,4
superb,4
wasn,4
talented,4
lonely,4
feelings,4
stuff,4
brings,4
both,4
pleasure,4
recorded,4
ain,4
recordings,4
piano,4
isn,4
wife,4
clip,4
harmonies,4
intro,4
70s,4
message,4
weeks,4
sorry,4
teresa,4
dynamite,4
enough,4
seems,4
living,4
type,4
dean,4
frankie,4
actress,4
lee,4
sironaca,4
men,4
everything,4
meaningful,4
might,4
outstanding,4
movies,4
light,4
seeing,4
moment,4
reason,4
garbage,4
tire,4
female,4
seemed,4
gets,4
cool,4
car,4
disco,4
night,4
excellent,4
crying,4
myself,4
laugh,4
hair,4
crazy,4
since,4
tomorrow,4
80s,4
soft,4
easy,4
scott,4
leo,4
every them,4
every single,4
them era,4
made being,4
ve seen,4
age young,4
makes feel,4
makes cry,4
anymore gonna,4
nothing change,4
something wrong,4
sun gonna shine,4
gonna sun,4
gonna shine,4
brenda lee,4
women men,4
90s,3
wanna,3
deserved,3
youth,3
trailer,3
job,3
middle,3
side,3
prefer,3
michael,3
presley,3
whenever,3
davis,3
school,3
son,3
while,3
aren,3
line,3
beyond,3
soulful,3
